序号,链接,节点数
0,https://clashgithub.com/wp-content/uploads/rss/20260222.txt,125
1,https://free.datiya.com/uploads/20260222-clash.yaml,16
2,https://free.datiya.com/uploads/20260222-v2ray.txt,0
3,https://jichangx.com/nodes/v2ray-20260222-01,13
4,https://jichangx.com/nodes/v2ray-20260220-02,0
5,https://mm.mibei77.com/202602/02.2064basgr.txt,0
6,https://mm.mibei77.com/202602/02.20Clashilz.yaml,0
7,https://node.freeclashnode.com/uploads/2026/02/0-20260221.txt,131
8,https://node.freeclashnode.com/uploads/2026/02/0-20260221.yaml,130
9,https://node.freeclashnode.com/uploads/2026/02/1-20260221.txt,222
10,https://node.freeclashnode.com/uploads/2026/02/1-20260221.yaml,177
11,https://node.freeclashnode.com/uploads/2026/02/2-20260222.txt,0
12,https://node.freeclashnode.com/uploads/2026/02/2-20260222.yaml,16
13,https://node.freeclashnode.com/uploads/2026/02/3-20260222.txt,30
14,https://node.freeclashnode.com/uploads/2026/02/3-20260222.yaml,30
15,https://node.freeclashnode.com/uploads/2026/02/4-20260222.txt,130
16,https://node.freeclashnode.com/uploads/2026/02/4-20260222.yaml,52
17,https://nodefree.githubrowcontent.com/2026/02/20260222.txt,0
18,https://nodefree.githubrowcontent.com/2026/02/20260222.yaml,0
19,https://oneclash.githubrowcontent.com/2026/02/20260222.txt,0
20,https://oneclash.githubrowcontent.com/2026/02/20260222.yaml,0
21,https://v2rayshare.githubrowcontent.com/2026/02/20260222.txt,0
22,https://v2rayshare.githubrowcontent.com/2026/02/20260222.yaml,0
23,https://T29NAe.mcsslk.xyz/67e3b7052e8c0131d2fa06b044b99cde,0
24,https://aTUteD.absslk.xyz/174b2d5014332c257f9e434529670e0f,0
25,https://mm.mibei77.com/202602/02.2064badre.txt,222
26,https://mm.mibei77.com/202602/02.20Clashopr.yaml,177
27,https://raw.githubusercontent.com/Jsnzkpg/Jsnzkpg/Jsnzkpg/Jsnzkpg,6
28,https://raw.githubusercontent.com/Pawdroid/Free-servers/main/sub,16
29,https://raw.githubusercontent.com/Surfboardv2ray/TGParse/main/python/hy2,25
30,https://raw.githubusercontent.com/Surfboardv2ray/TGParse/main/python/hysteria2,33
31,https://raw.githubusercontent.com/ermaozi/get_subscribe/main/subscribe/clash.yml,3
32,https://raw.githubusercontent.com/mfuu/v2ray/master/v2ray,237
33,https://raw.githubusercontent.com/ripaojiedian/freenode/main/clash,16
34,https://raw.githubusercontent.com/ripaojiedian/freenode/main/sub,16
35,https://raw.githubusercontent.com/snakem982/proxypool/main/source/clash-meta.yaml,13
36,https://raw.githubusercontent.com/snakem982/proxypool/main/source/v2ray-2.txt,65
37,https://raw.githubusercontent.com/zhangkaiitugithub/passcro/main/speednodes.yaml,13
38,dynamic://peasoft,0

总计,,303
